"Label (Grouping)","Census Tract 1.01, Fayette County, Kentucky!!Total!!Estimate","Census Tract 1.01, Fayette County, Kentucky!!Total!!Margin of Error","Census Tract 1.01, Fayette County, Kentucky!!Below poverty level!!Estimate","Census Tract 1.01, Fayette County, Kentucky!!Below poverty level!!Margin of Error","Census Tract 1.01, Fayette County, Kentucky!!Percent below poverty level!!Estimate","Census Tract 1.01, Fayette County, Kentucky!!Percent below poverty level!!Margin of Error","Census Tract 1.02, Fayette County, Kentucky!!Total!!Estimate","Census Tract 1.02, Fayette County, Kentucky!!Total!!Margin of Error","Census Tract 1.02, Fayette County, Kentucky!!Below poverty level!!Estimate","Census Tract 1.02, Fayette County, Kentucky!!Below poverty level!!Margin of Error","Census Tract 1.02, Fayette County, Kentucky!!Percent below poverty level!!Estimate","Census Tract 1.02, Fayette County, Kentucky!!Percent below poverty level!!Margin of Error","Census Tract 2, Fayette County, Kentucky!!Total!!Estimate","Census Tract 2, Fayette County, Kentucky!!Total!!Margin of Error","Census Tract 2, Fayette County, Kentucky!!Below poverty level!!Estimate","Census Tract 2, Fayette County, Kentucky!!Below poverty level!!Margin of Error","Census Tract 2, Fayette County, Kentucky!!Percent below poverty level!!Estimate","Census Tract 2, Fayette County, Kentucky!!Percent below poverty level!!Margin of Error","Census Tract 3, Fayette County, Kentucky!!Total!!Estimate","Census Tract 3, Fayette County, Kentucky!!Total!!Margin of Error","Census Tract 3, Fayette County, Kentucky!!Below poverty level!!Estimate","Census Tract 3, Fayette County, Kentucky!!Below poverty level!!Margin of Error","Census Tract 3, Fayette County, Kentucky!!Percent below poverty level!!Estimate","Census Tract 3, Fayette County, Kentucky!!Percent below poverty level!!Margin of Error","Census Tract 4, Fayette County, Kentucky!!Total!!Estimate","Census Tract 4, Fayette County, Kentucky!!Total!!Margin of Error","Census Tract 4, Fayette County, Kentucky!!Below poverty level!!Estimate","Census Tract 4, Fayette County, Kentucky!!Below poverty level!!Margin of Error","Census Tract 4, Fayette County, Kentucky!!Percent below poverty level!!Estimate","Census Tract 4, Fayette County, Kentucky!!Percent below poverty level!!Margin of Error","Census Tract 5, Fayette County, Kentucky!!Total!!Estimate","Census Tract 5, Fayette County, Kentucky!!Total!!Margin of Error","Census Tract 5, Fayette County, Kentucky!!Below poverty level!!Estimate","Census Tract 5, Fayette County, Kentucky!!Below poverty level!!Margin of Error","Census Tract 5, Fayette County, Kentucky!!Percent below poverty level!!Estimate","Census Tract 5, Fayette County, Kentucky!!Percent below poverty level!!Margin of Error","Census Tract 6, Fayette County, Kentucky!!Total!!Estimate","Census Tract 6, Fayette County, Kentucky!!Total!!Margin of Error","Census Tract 6, Fayette County, Kentucky!!Below poverty level!!Estimate","Census Tract 6, Fayette County, Kentucky!!Below poverty level!!Margin of Error","Census Tract 6, Fayette County, Kentucky!!Percent below poverty level!!Estimate","Census Tract 6, Fayette County, Kentucky!!Percent below poverty level!!Margin of Error","Census Tract 7, Fayette County, Kentucky!!Total!!Estimate","Census Tract 7, Fayette County, Kentucky!!Total!!Margin of Error","Census Tract 7, Fayette County, Kentucky!!Below poverty level!!Estimate","Census Tract 7, Fayette County, Kentucky!!Below poverty level!!Margin of Error","Census Tract 7, Fayette County, Kentucky!!Percent below poverty level!!Estimate","Census Tract 7, Fayette County, Kentucky!!Percent below poverty level!!Margin of Error","Census Tract 8.01, Fayette County, Kentucky!!Total!!Estimate","Census Tract 8.01, Fayette County, Kentucky!!Total!!Margin of Error","Census Tract 8.01, Fayette County, Kentucky!!Below poverty level!!Estimate","Census Tract 8.01, Fayette County, Kentucky!!Below poverty level!!Margin of Error","Census Tract 8.01, Fayette County, Kentucky!!Percent below poverty level!!Estimate","Census Tract 8.01, Fayette County, Kentucky!!Percent below poverty level!!Margin of Error","Census Tract 8.02, Fayette County, Kentucky!!Total!!Estimate","Census Tract 8.02, Fayette County, Kentucky!!Total!!Margin of Error","Census Tract 8.02, Fayette County, Kentucky!!Below poverty level!!Estimate","Census Tract 8.02, Fayette County, Kentucky!!Below poverty level!!Margin of Error","Census Tract 8.02, Fayette County, Kentucky!!Percent below poverty level!!Estimate","Census Tract 8.02, Fayette County, Kentucky!!Percent below poverty level!!Margin of Error","Census Tract 9, Fayette County, Kentucky!!Total!!Estimate","Census Tract 9, Fayette County, Kentucky!!Total!!Margin of Error","Census Tract 9, Fayette County, Kentucky!!Below poverty level!!Estimate","Census Tract 9, Fayette County, Kentucky!!Below poverty level!!Margin of Error","Census Tract 9, Fayette County, Kentucky!!Percent below poverty level!!Estimate","Census Tract 9, Fayette County, Kentucky!!Percent below poverty level!!Margin of Error","Census Tract 10, Fayette County, Kentucky!!Total!!Estimate","Census Tract 10, Fayette County, Kentucky!!Total!!Margin of Error","Census Tract 10, Fayette County, Kentucky!!Below poverty level!!Estimate","Census Tract 10, Fayette County, Kentucky!!Below poverty level!!Margin of Error","Census Tract 10, Fayette County, Kentucky!!Percent below poverty level!!Estimate","Census Tract 10, Fayette County, Kentucky!!Percent below poverty level!!Margin of Error","Census Tract 11, Fayette County, Kentucky!!Total!!Estimate","Census Tract 11, Fayette County, Kentucky!!Total!!Margin of Error","Census Tract 11, Fayette County, Kentucky!!Below poverty level!!Estimate","Census Tract 11, Fayette County, Kentucky!!Below poverty level!!Margin of Error","Census Tract 11, Fayette County, Kentucky!!Percent below poverty level!!Estimate","Census Tract 11, Fayette County, Kentucky!!Percent below poverty level!!Margin of Error","Census Tract 13, Fayette County, Kentucky!!Total!!Estimate","Census Tract 13, Fayette County, Kentucky!!Total!!Margin of Error","Census Tract 13, Fayette County, Kentucky!!Below poverty level!!Estimate","Census Tract 13, Fayette County, Kentucky!!Below poverty level!!Margin of Error","Census Tract 13, Fayette County, Kentucky!!Percent below poverty level!!Estimate","Census Tract 13, Fayette County, Kentucky!!Percent below poverty level!!Margin of Error","Census Tract 14, Fayette County, Kentucky!!Total!!Estimate","Census Tract 14, Fayette County, Kentucky!!Total!!Margin of Error","Census Tract 14, Fayette County, Kentucky!!Below poverty level!!Estimate","Census Tract 14, Fayette County, Kentucky!!Below poverty level!!Margin of Error","Census Tract 14, Fayette County, Kentucky!!Percent below poverty level!!Estimate","Census Tract 14, Fayette County, Kentucky!!Percent below poverty level!!Margin of Error","Census Tract 15, Fayette County, Kentucky!!Total!!Estimate","Census Tract 15, Fayette County, Kentucky!!Total!!Margin of Error","Census Tract 15, Fayette County, Kentucky!!Below poverty level!!Estimate","Census Tract 15, Fayette County, Kentucky!!Below poverty level!!Margin of Error","Census Tract 15, Fayette County, Kentucky!!Percent below poverty level!!Estimate","Census Tract 15, Fayette County, Kentucky!!Percent below poverty level!!Margin of Error","Census Tract 16, Fayette County, Kentucky!!Total!!Estimate","Census Tract 16, Fayette County, Kentucky!!Total!!Margin of Error","Census Tract 16, Fayette County, Kentucky!!Below poverty level!!Estimate","Census Tract 16, Fayette County, Kentucky!!Below poverty level!!Margin of Error","Census Tract 16, Fayette County, Kentucky!!Percent below poverty level!!Estimate","Census Tract 16, Fayette County, Kentucky!!Percent below poverty level!!Margin of Error","Census Tract 17, Fayette County, Kentucky!!Total!!Estimate","Census Tract 17, Fayette County, Kentucky!!Total!!Margin of Error","Census Tract 17, Fayette County, Kentucky!!Below poverty level!!Estimate","Census Tract 17, Fayette County, Kentucky!!Below poverty level!!Margin of Error","Census Tract 17, Fayette County, Kentucky!!Percent below poverty level!!Estimate","Census Tract 17, Fayette County, Kentucky!!Percent below poverty level!!Margin of Error","Census Tract 18, Fayette County, Kentucky!!Total!!Estimate","Census Tract 18, Fayette County, Kentucky!!Total!!Margin of Error","Census Tract 18, Fayette County, Kentucky!!Below poverty level!!Estimate","Census Tract 18, Fayette County, Kentucky!!Below poverty level!!Margin of Error","Census Tract 18, Fayette County, Kentucky!!Percent below poverty level!!Estimate","Census Tract 18, Fayette County, Kentucky!!Percent below poverty level!!Margin of Error","Census Tract 19, Fayette County, Kentucky!!Total!!Estimate","Census Tract 19, Fayette County, Kentucky!!Total!!Margin of Error","Census Tract 19, Fayette County, Kentucky!!Below poverty level!!Estimate","Census Tract 19, Fayette County, Kentucky!!Below poverty level!!Margin of Error","Census Tract 19, Fayette County, Kentucky!!Percent below poverty level!!Estimate","Census Tract 19, Fayette County, Kentucky!!Percent below poverty level!!Margin of Error","Census Tract 22, Fayette County, Kentucky!!Total!!Estimate","Census Tract 22, Fayette County, Kentucky!!Total!!Margin of Error","Census Tract 22, Fayette County, Kentucky!!Below poverty level!!Estimate","Census Tract 22, Fayette County, Kentucky!!Below poverty level!!Margin of Error","Census Tract 22, Fayette County, Kentucky!!Percent below poverty level!!Estimate","Census Tract 22, Fayette County, Kentucky!!Percent below poverty level!!Margin of Error","Census Tract 23.03, Fayette County, Kentucky!!Total!!Estimate","Census Tract 23.03, Fayette County, Kentucky!!Total!!Margin of Error","Census Tract 23.03, Fayette County, Kentucky!!Below poverty level!!Estimate","Census Tract 23.03, Fayette County, Kentucky!!Below poverty level!!Margin of Error","Census Tract 23.03, Fayette County, Kentucky!!Percent below poverty level!!Estimate","Census Tract 23.03, Fayette County, Kentucky!!Percent below poverty level!!Margin of Error","Census Tract 23.04, Fayette County, Kentucky!!Total!!Estimate","Census Tract 23.04, Fayette County, Kentucky!!Total!!Margin of Error","Census Tract 23.04, Fayette County, Kentucky!!Below poverty level!!Estimate","Census Tract 23.04, Fayette County, Kentucky!!Below poverty level!!Margin of Error","Census Tract 23.04, Fayette County, Kentucky!!Percent below poverty level!!Estimate","Census Tract 23.04, Fayette County, Kentucky!!Percent below poverty level!!Margin of Error","Census Tract 24, Fayette County, Kentucky!!Total!!Estimate","Census Tract 24, Fayette County, Kentucky!!Total!!Margin of Error","Census Tract 24, Fayette County, Kentucky!!Below poverty level!!Estimate","Census Tract 24, Fayette County, Kentucky!!Below poverty level!!Margin of Error","Census Tract 24, Fayette County, Kentucky!!Percent below poverty level!!Estimate","Census Tract 24, Fayette County, Kentucky!!Percent below poverty level!!Margin of Error","Census Tract 25, Fayette County, Kentucky!!Total!!Estimate","Census Tract 25, Fayette County, Kentucky!!Total!!Margin of Error","Census Tract 25, Fayette County, Kentucky!!Below poverty level!!Estimate","Census Tract 25, Fayette County, Kentucky!!Below poverty level!!Margin of Error","Census Tract 25, Fayette County, Kentucky!!Percent below poverty level!!Estimate","Census Tract 25, Fayette County, Kentucky!!Percent below poverty level!!Margin of Error","Census Tract 28, Fayette County, Kentucky!!Total!!Estimate","Census Tract 28, Fayette County, Kentucky!!Total!!Margin of Error","Census Tract 28, Fayette County, Kentucky!!Below poverty level!!Estimate","Census Tract 28, Fayette County, Kentucky!!Below poverty level!!Margin of Error","Census Tract 28, Fayette County, Kentucky!!Percent below poverty level!!Estimate","Census Tract 28, Fayette County, Kentucky!!Percent below poverty level!!Margin of Error","Census Tract 29, Fayette County, Kentucky!!Total!!Estimate","Census Tract 29, Fayette County, Kentucky!!Total!!Margin of Error","Census Tract 29, Fayette County, Kentucky!!Below poverty level!!Estimate","Census Tract 29, Fayette County, Kentucky!!Below poverty level!!Margin of Error","Census Tract 29, Fayette County, Kentucky!!Percent below poverty level!!Estimate","Census Tract 29, Fayette County, Kentucky!!Percent below poverty level!!Margin of Error"
"Population for whom poverty status is determined","3,125","±263","1,234","±266","39.5%","±6.9","1,513","±218","555","±185","36.7%","±8.9","2,989","±430","1,328","±340","44.4%","±8.7","2,665","±305","757","±213","28.4%","±7.2","1,956","±186","721","±195","36.9%","±9.0","3,424","±263","319","±131","9.3%","±3.8","4,437","±324","142","±106","3.2%","±2.4","2,822","±316","1,442","±329","51.1%","±7.5","59","±52","33","±51","55.9%","±55.9","1,607","±222","761","±202","47.4%","±8.0","5,924","±601","4,146","±571","70.0%","±6.1","1,623","±168","527","±180","32.5%","±11.1","4,584","±465","1,409","±542","30.7%","±10.9","2,092","±203","808","±189","38.6%","±7.7","2,276","±300","691","±233","30.4%","±9.5","2,284","±195","421","±157","18.4%","±6.9","2,380","±247","515","±164","21.6%","±6.8","2,504","±295","245","±114","9.8%","±4.8","2,924","±373","1,855","±336","63.4%","±6.2","4,518","±463","2,471","±449","54.7%","±7.0","1,730","±140","170","±106","9.8%","±5.8","4,326","±489","859","±466","19.9%","±9.6","2,183","±109","64","±56","2.9%","±2.6","4,151","±279","591","±244","14.2%","±5.5","3,426","±451","1,054","±437","30.8%","±10.0","3,986","±260","202","±103","5.1%","±2.5","4,458","±310","277","±111","6.2%","±2.4"
"    AGE","","","","","","","","","","","","","","","","","","","","","","","","","","","","","","","","","","","","","","","","","","","","","","","","","","","","","","","","","","","","","","","","","","","","","","","","","","","","","","","","","","","","","","","","","","","","","","","","","","","","","","","","","","","","","","","","","","","","","","","","","","","","","","","","","","","","","","","","","","","","","","","","","","","","","","","","","","","","","","","","","",""
"        Under 18 years","215","±84","136","±90","63.3%","±25.4","119","±36","46","±33","38.7%","±24.7","544","±216","269","±136","49.4%","±22.8","524","±206","215","±151","41.0%","±21.7","610","±100","352","±136","57.7%","±18.1","566","±163","47","±48","8.3%","±8.9","717","±113","0","±11","0.0%","±4.1","251","±58","36","±45","14.3%","±15.5","14","±25","0","±11","0.0%","±76.1","55","±31","0","±11","0.0%","±38.4","341","±247","291","±249","85.3%","±15.6","319","±89","137","±93","42.9%","±34.3","1,145","±257","570","±341","49.8%","±25.0","520","±117","300","±121","57.7%","±16.3","494","±119","238","±123","48.2%","±20.0","510","±71","135","±85","26.5%","±16.3","299","±94","38","±49","12.7%","±14.7","430","±131","0","±11","0.0%","±6.7","42","±48","0","±11","0.0%","±44.0","866","±279","749","±275","86.5%","±9.1","281","±82","59","±70","21.0%","±20.8","868","±285","298","±262","34.3%","±23.0","591","±76","19","±25","3.2%","±4.4","877","±146","105","±84","12.0%","±8.9","498","±139","24","±29","4.8%","±5.9","743","±161","27","±25","3.6%","±3.3","1,042","±219","18","±22","1.7%","±2.1"
"            Under 5 years","100","±56","67","±48","67.0%","±29.3","28","±22","0","±11","0.0%","±53.8","129","±77","57","±60","44.2%","±34.6","100","±81","23","±26","23.0%","±28.9","218","±96","145","±100","66.5%","±28.4","232","±149","10","±17","4.3%","±7.9","216","±123","0","±11","0.0%","±12.9","109","±53","26","±34","23.9%","±26.2","10","±17","0","±11","0.0%","±90.1","38","±27","0","±11","0.0%","±46.2","65","±57","48","±56","73.8%","±48.0","105","±75","42","±50","40.0%","±51.3","306","±122","231","±140","75.5%","±28.6","150","±80","135","±78","90.0%","±13.3","90","±55","37","±40","41.1%","±32.0","79","±38","15","±20","19.0%","±25.2","70","±50","15","±26","21.4%","±30.2","174","±100","0","±11","0.0%","±15.8","7","±10","0","±11","0.0%","±100.0","422","±164","376","±155","89.1%","±12.7","119","±57","29","±29","24.4%","±20.5","238","±139","108","±114","45.4%","±33.8","130","±40","9","±14","6.9%","±10.7","176","±68","16","±26","9.1%","±13.2","159","±48","16","±19","10.1%","±11.9","245","±95","17","±20","6.9%","±8.0","238","±97","11","±18","4.6%","±7.7"
"            5 to 17 years","115","±84","69","±73","60.0%","±36.6","91","±33","46","±33","50.5%","±29.9","415","±164","212","±95","51.1%","±21.6","424","±207","192","±152","45.3%","±25.7","392","±87","207","±104","52.8%","±20.5","334","±88","37","±45","11.1%","±13.9","501","±131","0","±11","0.0%","±5.8","142","±56","10","±17","7.0%","±11.7","4","±8","0","±11","0.0%","±100.0","17","±18","0","±11","0.0%","±69.1","276","±238","243","±239","88.0%","±14.3","214","±59","95","±71","44.4%","±32.5","839","±209","339","±219","40.4%","±24.1","370","±88","165","±68","44.6%","±16.5","404","±103","201","±114","49.8%","±22.8","431","±70","120","±75","27.8%","±16.8","229","±77","23","±28","10.0%","±11.8","256","±118","0","±11","0.0%","±11.0","35","±39","0","±11","0.0%","±48.2","444","±182","373","±175","84.0%","±12.0","162","±59","30","±46","18.5%","±24.5","630","±201","190","±164","30.2%","±21.1","461","±79","10","±12","2.2%","±2.8","701","±154","89","±78","12.7%","±10.0","339","±132","8","±12","2.4%","±3.6","498","±145","10","±15","2.0%","±3.1","804","±187","7","±11","0.9%","±1.4"
"            Related children of householder under 18 years","215","±84","136","±90","63.3%","±25.4","107","±28","34","±24","31.8%","±23.2","544","±216","269","±136","49.4%","±22.8","524","±206","215","±151","41.0%","±21.7","610","±100","352","±136","57.7%","±18.1","566","±163","47","±48","8.3%","±8.9","717","±113","0","±11","0.0%","±4.1","251","±58","36","±45","14.3%","±15.5","14","±25","0","±11","0.0%","±76.1","55","±31","0","±11","0.0%","±38.4","341","±247","291","±249","85.3%","±15.6","319","±89","137","±93","42.9%","±34.3","1,145","±257","570","±341","49.8%","±25.0","520","±117","300","±121","57.7%","±16.3","494","±119","238","±123","48.2%","±20.0","487","±70","112","±89","23.0%","±17.7","299","±94","38","±49","12.7%","±14.7","430","±131","0","±11","0.0%","±6.7","42","±48","0","±11","0.0%","±44.0","848","±277","731","±273","86.2%","±9.4","281","±82","59","±70","21.0%","±20.8","816","±291","246","±268","30.1%","±25.7","591","±76","19","±25","3.2%","±4.4","877","±146","105","±84","12.0%","±8.9","498","±139","24","±29","4.8%","±5.9","743","±161","27","±25","3.6%","±3.3","1,035","±219","11","±18","1.1%","±1.7"
"        18 to 64 years","2,550","±235","982","±248","38.5%","±8.2","923","±192","300","±150","32.5%","±11.9","2,174","±323","1,006","±287","46.3%","±9.9","1,873","±281","500","±117","26.7%","±6.4","1,121","±138","317","±79","28.3%","±7.5","2,433","±201","272","±103","11.2%","±4.1","2,828","±295","140","±106","5.0%","±3.8","2,374","±315","1,369","±319","57.7%","±7.7","42","±48","33","±51","78.6%","±56.7","1,496","±226","761","±202","50.9%","±8.2","5,468","±558","3,847","±527","70.4%","±6.1","1,137","±135","370","±128","32.5%","±9.5","2,768","±319","744","±273","26.9%","±9.3","1,330","±124","469","±104","35.3%","±6.8","1,476","±229","445","±143","30.1%","±9.8","1,492","±148","268","±95","18.0%","±6.3","1,761","±216","395","±143","22.4%","±7.7","1,730","±225","212","±112","12.3%","±6.5","2,841","±373","1,847","±336","65.0%","±6.3","3,412","±355","1,693","±314","49.6%","±7.2","1,185","±108","111","±53","9.4%","±4.4","2,828","±339","561","±260","19.8%","±8.7","980","±62","29","±28","3.0%","±2.8","2,483","±191","392","±144","15.8%","±5.5","2,538","±418","1,020","±441","40.2%","±12.2","2,561","±189","127","±73","5.0%","±2.8","2,601","±180","236","±106","9.1%","±3.8"
"            18 to 34 years","1,501","±233","597","±211","39.8%","±11.4","301","±110","104","±63","34.6%","±15.4","1,158","±300","501","±238","43.3%","±14.4","676","±178","202","±100","29.9%","±13.4","462","±104","169","±56","36.6%","±11.4","991","±197","131","±77","13.2%","±7.3","1,146","±312","78","±85","6.8%","±7.1","1,882","±320","1,348","±315","71.6%","±8.4","25","±24","16","±25","64.0%","±64.0","1,360","±224","740","±201","54.4%","±8.8","4,883","±573","3,611","±532","74.0%","±6.4","600","±112","207","±81","34.5%","±11.8","1,013","±263","324","±191","32.0%","±15.2","608","±126","180","±79","29.6%","±10.2","609","±163","202","±104","33.2%","±14.5","482","±103","90","±51","18.7%","±10.7","583","±149","186","±114","31.9%","±16.9","867","±218","134","±99","15.5%","±10.9","2,574","±380","1,772","±343","68.8%","±6.3","2,543","±355","1,342","±284","52.8%","±8.3","472","±113","65","±43","13.8%","±8.4","1,202","±287","378","±189","31.4%","±14.4","128","±45","14","±14","10.9%","±10.6","1,015","±179","247","±114","24.3%","±10.0","1,540","±426","972","±438","63.1%","±14.1","966","±175","92","±54","9.5%","±5.7","786","±175","92","±68","11.7%","±8.0"
"            35 to 64 years","1,049","±160","385","±119","36.7%","±9.2","622","±141","196","±112","31.5%","±14.0","1,016","±186","505","±175","49.7%","±10.9","1,197","±207","298","±113","24.9%","±8.2","659","±123","148","±62","22.5%","±8.4","1,442","±154","141","±70","9.8%","±4.9","1,682","±218","62","±57","3.7%","±3.4","492","±83","21","±24","4.3%","±4.7","17","±27","17","±27","100.0%","±69.1","136","±48","21","±14","15.4%","±10.3","585","±230","236","±173","40.3%","±21.5","537","±90","163","±71","30.4%","±12.1","1,755","±261","420","±187","23.9%","±10.8","722","±117","289","±80","40.0%","±9.2","867","±148","243","±102","28.0%","±11.4","1,010","±132","178","±73","17.6%","±6.6","1,178","±158","209","±77","17.7%","±6.8","863","±156","78","±60","9.0%","±7.6","267","±93","75","±77","28.1%","±23.0","869","±202","351","±148","40.4%","±15.0","713","±99","46","±30","6.5%","±4.5","1,626","±279","183","±137","11.3%","±8.2","852","±64","15","±17","1.8%","±2.0","1,468","±153","145","±69","9.9%","±4.5","998","±145","48","±48","4.8%","±4.7","1,595","±141","35","±34","2.2%","±2.1","1,815","±159","144","±81","7.9%","±4.1"
"        60 years and over","639","±104","278","±100","43.5%","±12.1","551","±78","238","±69","43.2%","±11.2","397","±77","107","±61","27.0%","±13.0","526","±140","107","±70","20.3%","±11.6","336","±84","92","±49","27.4%","±13.4","643","±126","10","±16","1.6%","±2.6","1,194","±262","11","±16","0.9%","±1.4","248","±60","37","±46","14.9%","±18.7","3","±4","0","±11","0.0%","±100.0","89","±19","5","±7","5.6%","±7.7","154","±105","23","±24","14.9%","±17.7","240","±52","45","±37","18.8%","±13.1","1,040","±246","137","±89","13.2%","±8.9","319","±96","76","±39","23.8%","±10.2","462","±86","49","±45","10.6%","±8.9","460","±122","71","±42","15.4%","±7.8","547","±110","136","±52","24.9%","±10.2","481","±82","33","±31","6.9%","±6.4","60","±28","8","±11","13.3%","±20.9","301","±84","54","±44","17.9%","±13.9","381","±75","10","±12","2.6%","±3.0","895","±186","14","±22","1.6%","±2.5","812","±62","23","±27","2.8%","±3.3","1,004","±127","102","±83","10.2%","±8.2","594","±128","10","±16","1.7%","±2.8","1,039","±132","48","±38","4.6%","±3.7","1,177","±124","43","±38","3.7%","±3.3"
"        65 years and over","360","±77","116","±63","32.2%","±16.2","471","±70","209","±65","44.4%","±11.6","271","±55","53","±31","19.6%","±10.8","268","±67","42","±35","15.7%","±12.2","225","±71","52","±38","23.1%","±16.5","425","±79","0","±11","0.0%","±6.8","892","±219","2","±4","0.2%","±0.5","197","±45","37","±46","18.8%","±23.5","3","±4","0","±11","0.0%","±100.0","56","±28","0","±11","0.0%","±38.1","115","±95","8","±10","7.0%","±10.3","167","±37","20","±24","12.0%","±13.4","671","±136","95","±78","14.2%","±11.3","242","±75","39","±25","16.1%","±9.9","306","±62","8","±12","2.6%","±3.9","282","±98","18","±21","6.4%","±6.1","320","±58","82","±53","25.6%","±16.3","344","±67","33","±31","9.6%","±8.7","41","±14","8","±11","19.5%","±26.1","240","±73","29","±37","12.1%","±15.0","264","±40","0","±11","0.0%","±10.7","630","±174","0","±11","0.0%","±4.6","612","±51","16","±24","2.6%","±4.0","791","±88","94","±82","11.9%","±10.2","390","±102","10","±16","2.6%","±4.4","682","±52","48","±38","7.0%","±5.6","815","±78","23","±26","2.8%","±3.1"
"    SEX","","","","","","","","","","","","","","","","","","","","","","","","","","","","","","","","","","","","","","","","","","","","","","","","","","","","","","","","","","","","","","","","","","","","","","","","","","","","","","","","","","","","","","","","","","","","","","","","","","","","","","","","","","","","","","","","","","","","","","","","","","","","","","","","","","","","","","","","","","","","","","","","","","","","","","","","","","","","","","","","","",""
"        Male","1,789","±252","668","±237","37.3%","±10.2","816","±126","267","±79","32.7%","±7.6","1,659","±354","759","±295","45.8%","±12.0","1,222","±213","287","±115","23.5%","±8.9","827","±117","317","±105","38.3%","±10.9","1,619","±160","178","±89","11.0%","±5.2","2,331","±333","127","±105","5.4%","±4.3","1,190","±273","585","±246","49.2%","±11.8","33","±35","24","±38","72.7%","±62.4","990","±176","461","±118","46.6%","±7.4","2,490","±597","1,569","±530","63.0%","±10.7","731","±101","228","±103","31.2%","±12.7","2,357","±350","736","±383","31.2%","±14.8","1,074","±110","355","±95","33.1%","±7.3","1,197","±169","379","±143","31.7%","±10.5","1,082","±107","199","±87","18.4%","±7.8","1,167","±185","159","±85","13.6%","±7.0","1,315","±180","88","±77","6.7%","±5.8","1,611","±331","933","±297","57.9%","±10.0","2,067","±391","1,058","±302","51.2%","±9.4","825","±97","91","±58","11.0%","±6.7","2,219","±339","366","±217","16.5%","±9.3","1,062","±84","39","±39","3.7%","±3.7","1,824","±213","226","±156","12.4%","±7.7","1,365","±293","424","±271","31.1%","±14.3","1,920","±195","105","±64","5.5%","±3.3","2,040","±177","96","±69","4.7%","±3.3"
"        Female","1,336","±169","566","±145","42.4%","±8.1","697","±198","288","±173","41.3%","±15.8","1,330","±270","569","±174","42.8%","±10.2","1,443","±174","470","±153","32.6%","±9.7","1,129","±142","404","±128","35.8%","±10.3","1,805","±213","141","±68","7.8%","±3.8","2,106","±209","15","±9","0.7%","±0.5","1,632","±418","857","±383","52.5%","±12.6","26","±23","9","±14","34.6%","±58.8","617","±208","300","±175","48.6%","±16.2","3,434","±668","2,577","±589","75.0%","±7.3","892","±140","299","±102","33.5%","±11.3","2,227","±286","673","±248","30.2%","±9.4","1,018","±158","453","±135","44.5%","±11.0","1,079","±171","312","±105","28.9%","±9.8","1,202","±152","222","±91","18.5%","±7.7","1,213","±182","356","±146","29.3%","±10.7","1,189","±190","157","±80","13.2%","±6.4","1,313","±313","922","±260","70.2%","±7.9","2,451","±379","1,413","±328","57.6%","±8.3","905","±82","79","±58","8.7%","±6.1","2,107","±330","493","±303","23.4%","±12.4","1,121","±99","25","±20","2.2%","±1.8","2,327","±194","365","±117","15.7%","±5.1","2,061","±434","630","±392","30.6%","±14.3","2,066","±205","97","±52","4.7%","±2.5","2,418","±217","181","±83","7.5%","±3.4"
"    RACE AND HISPANIC OR LATINO ORIGIN","","","","","","","","","","","","","","","","","","","","","","","","","","","","","","","","","","","","","","","","","","","","","","","","","","","","","","","","","","","","","","","","","","","","","","","","","","","","","","","","","","","","","","","","","","","","","","","","","","","","","","","","","","","","","","","","","","","","","","","","","","","","","","","","","","","","","","","","","","","","","","","","","","","","","","","","","","","","","","","","","",""
"        White alone","2,302","±223","665","±198","28.9%","±7.5","1,078","±164","290","±131","26.9%","±10.0","1,458","±400","756","±368","51.9%","±14.4","1,121","±255","282","±121","25.2%","±8.9","858","±158","257","±138","30.0%","±14.3","3,057","±208","302","±131","9.9%","±4.2","4,326","±350","120","±100","2.8%","±2.3","2,383","±369","1,104","±342","46.3%","±8.7","59","±52","33","±51","55.9%","±55.9","1,277","±234","649","±195","50.8%","±9.2","3,909","±608","2,881","±531","73.7%","±7.2","1,043","±155","337","±138","32.3%","±10.6","1,679","±516","609","±426","36.3%","±19.9","1,312","±202","462","±179","35.2%","±9.9","1,759","±263","512","±174","29.1%","±8.8","1,906","±162","395","±154","20.7%","±7.9","1,969","±265","383","±110","19.5%","±5.9","2,300","±311","174","±91","7.6%","±4.2","2,555","±371","1,670","±316","65.4%","±6.3","2,534","±336","1,237","±254","48.8%","±7.6","1,158","±144","86","±45","7.4%","±3.9","3,585","±476","602","±384","16.8%","±9.4","2,164","±112","64","±56","3.0%","±2.6","3,475","±295","372","±211","10.7%","±5.6","3,100","±422","1,047","±437","33.8%","±10.5","3,588","±232","148","±78","4.1%","±2.2","4,104","±315","277","±111","6.7%","±2.6"
"        Black or African American alone","686","±144","472","±146","68.8%","±14.5","330","±98","213","±82","64.5%","±16.0","1,294","±404","514","±215","39.7%","±12.6","1,159","±204","403","±198","34.8%","±15.0","904","±187","370","±193","40.9%","±19.1","120","±107","0","±11","0.0%","±21.9","17","±18","6","±4","35.3%","±50.2","34","±48","34","±48","100.0%","±48.9","0","±11","0","±11","-","**","87","±57","29","±28","33.3%","±32.4","1,105","±370","527","±237","47.7%","±14.7","485","±129","179","±121","36.9%","±30.4","2,176","±365","363","±209","16.7%","±9.1","309","±102","113","±70","36.6%","±19.6","282","±112","58","±60","20.6%","±20.1","341","±79","26","±20","7.6%","±6.0","344","±170","132","±107","38.4%","±29.2","167","±128","56","±65","33.5%","±41.4","90","±62","90","±62","100.0%","±27.7","1,244","±467","771","±375","62.0%","±16.6","209","±123","0","±11","0.0%","±13.3","298","±261","226","±247","75.8%","±35.2","9","±15","0","±11","0.0%","±95.0","82","±69","9","±15","11.0%","±17.1","170","±254","0","±11","0.0%","±16.1","9","±16","0","±11","0.0%","±95.0","52","±47","0","±11","0.0%","±39.5"
"        American Indian and Alaska Native alone","0","±11","0","±11","-","**","0","±11","0","±11","-","**","0","±11","0","±11","-","**","1","±6","0","±11","0.0%","±100.0","34","±52","0","±11","0.0%","±48.9","6","±9","0","±11","0.0%","±100.0","0","±11","0","±11","-","**","0","±11","0","±11","-","**","0","±11","0","±11","-","**","0","±11","0","±11","-","**","0","±16","0","±16","-","**","0","±11","0","±11","-","**","0","±11","0","±11","-","**","0","±11","0","±11","-","**","15","±20","5","±9","33.3%","±55.4","0","±11","0","±11","-","**","0","±11","0","±11","-","**","0","±11","0","±11","-","**","6","±9","6","±9","100.0%","±100.0","7","±14","0","±11","0.0%","±100.0","34","±26","0","±11","0.0%","±48.9","0","±11","0","±11","-","**","0","±11","0","±11","-","**","73","±113","73","±113","100.0%","±32.3","0","±11","0","±11","-","**","0","±11","0","±11","-","**","0","±11","0","±11","-","**"
"        Asian alone","34","±26","11","±19","32.4%","±42.3","30","±25","8","±13","26.7%","±39.9","0","±11","0","±11","-","**","5","±9","0","±11","0.0%","±100.0","0","±11","0","±11","-","**","6","±11","0","±11","0.0%","±100.0","0","±11","0","±11","-","**","256","±205","194","±204","75.8%","±29.4","0","±11","0","±11","-","**","195","±95","60","±43","30.8%","±19.5","334","±141","162","±102","48.5%","±19.8","40","±30","11","±13","27.5%","±34.3","21","±36","0","±11","0.0%","±62.2","0","±11","0","±11","-","**","15","±16","0","±11","0.0%","±73.6","0","±11","0","±11","-","**","67","±121","0","±11","0.0%","±34.3","0","±11","0","±11","-","**","250","±113","81","±68","32.4%","±20.7","361","±225","204","±214","56.5%","±38.9","148","±115","38","±53","25.7%","±30.4","361","±240","14","±22","3.9%","±6.9","5","±7","0","±11","0.0%","±100.0","394","±181","52","±42","13.2%","±11.3","96","±56","0","±11","0.0%","±26.3","288","±162","30","±47","10.4%","±15.9","37","±40","0","±11","0.0%","±46.8"
"        Native Hawaiian and Other Pacific Islander alone","0","±11","0","±11","-","**","13","±22","0","±11","0.0%","±79.0","0","±11","0","±11","-","**","0","±11","0","±11","-","**","0","±11","0","±11","-","**","0","±11","0","±11","-","**","0","±11","0","±11","-","**","0","±11","0","±11","-","**","0","±11","0","±11","-","**","0","±11","0","±11","-","**","0","±16","0","±16","-","**","0","±11","0","±11","-","**","0","±11","0","±11","-","**","0","±11","0","±11","-","**","0","±11","0","±11","-","**","0","±11","0","±11","-","**","0","±11","0","±11","-","**","0","±11","0","±11","-","**","0","±11","0","±11","-","**","0","±11","0","±11","-","**","5","±7","0","±11","0.0%","±100.0","0","±11","0","±11","-","**","0","±11","0","±11","-","**","0","±11","0","±11","-","**","0","±11","0","±11","-","**","0","±11","0","±11","-","**","0","±11","0","±11","-","**"
"        Some other race alone","0","±11","0","±11","-","**","0","±11","0","±11","-","**","49","±75","0","±11","0.0%","±40.7","191","±192","16","±26","8.4%","±9.3","114","±105","55","±75","48.2%","±51.6","18","±24","0","±11","0.0%","±67.2","51","±93","0","±11","0.0%","±39.9","0","±11","0","±11","-","**","0","±11","0","±11","-","**","5","±8","5","±8","100.0%","±100.0","16","±27","16","±27","100.0%","±71.2","0","±11","0","±11","-","**","636","±480","394","±428","61.9%","±36.6","331","±191","152","±132","45.9%","±31.7","0","±11","0","±11","-","**","7","±12","0","±11","0.0%","±100.0","0","±11","0","±11","-","**","0","±11","0","±11","-","**","0","±11","0","±11","-","**","128","±121","48","±74","37.5%","±37.9","76","±92","0","±11","0.0%","±31.4","32","±50","0","±11","0.0%","±50.4","0","±11","0","±11","-","**","4","±8","4","±8","100.0%","±100.0","6","±9","0","±11","0.0%","±100.0","23","±33","0","±11","0.0%","±59.4","175","±181","0","±11","0.0%","±15.7"
"        Two or more races","103","±69","86","±66","83.5%","±21.4","62","±56","44","±52","71.0%","±34.2","188","±180","58","±82","30.9%","±45.7","188","±152","56","±55","29.8%","±37.6","46","±63","39","±63","84.8%","±43.3","217","±142","17","±20","7.8%","±10.3","43","±48","16","±24","37.2%","±59.0","149","±106","110","±103","73.8%","±31.7","0","±11","0","±11","-","**","43","±26","18","±14","41.9%","±28.0","560","±386","560","±386","100.0%","±5.2","55","±54","0","±11","0.0%","±38.4","72","±98","43","±76","59.7%","±59.7","140","±103","81","±86","57.9%","±36.3","205","±139","116","±125","56.6%","±33.8","30","±30","0","±11","0.0%","±52.0","0","±11","0","±11","-","**","37","±38","15","±25","40.5%","±51.2","23","±24","8","±14","34.8%","±60.5","244","±171","211","±163","86.5%","±23.2","100","±85","46","±71","46.0%","±52.7","50","±49","17","±27","34.0%","±47.9","5","±8","0","±11","0.0%","±100.0","123","±103","81","±81","65.9%","±29.4","54","±47","7","±12","13.0%","±26.7","78","±58","24","±37","30.8%","±43.1","90","±76","0","±11","0.0%","±27.7"
"        Hispanic or Latino origin (of any race)","220","±128","135","±108","61.4%","±30.9","73","±62","53","±55","72.6%","±34.0","116","±91","55","±56","47.4%","±45.4","227","±195","39","±38","17.2%","±16.3","173","±114","22","±29","12.7%","±16.9","98","±60","0","±11","0.0%","±25.9","76","±88","0","±11","0.0%","±31.4","49","±56","43","±55","87.8%","±29.6","0","±11","0","±11","-","**","34","±23","19","±15","55.9%","±37.3","163","±142","88","±98","54.0%","±42.1","95","±96","42","±59","44.2%","±41.4","1,314","±367","694","±425","52.8%","±29.7","640","±202","269","±157","42.0%","±20.0","439","±237","206","±149","46.9%","±23.0","115","±102","70","±94","60.9%","±37.3","152","±126","0","±11","0.0%","±17.8","29","±31","0","±11","0.0%","±52.9","37","±52","37","±52","100.0%","±46.8","301","±203","161","±155","53.5%","±26.9","144","±119","46","±71","31.9%","±43.4","347","±303","35","±55","10.1%","±12.1","35","±34","0","±11","0.0%","±48.2","129","±119","77","±111","59.7%","±47.8","33","±36","0","±11","0.0%","±49.6","171","±159","13","±21","7.6%","±11.2","279","±197","0","±11","0.0%","±10.2"
"        White alone, not Hispanic or Latino","2,101","±206","549","±166","26.1%","±7.0","1,051","±167","270","±130","25.7%","±10.2","1,424","±397","734","±372","51.5%","±15.2","1,121","±255","282","±121","25.2%","±8.9","748","±167","242","±133","32.4%","±15.8","2,988","±214","302","±131","10.1%","±4.3","4,301","±349","120","±100","2.8%","±2.3","2,334","±363","1,061","±343","45.5%","±9.1","59","±52","33","±51","55.9%","±55.9","1,259","±234","635","±195","50.4%","±9.4","3,832","±610","2,823","±526","73.7%","±7.3","994","±156","299","±137","30.1%","±11.1","985","±276","323","±216","32.8%","±16.3","1,003","±183","345","±135","34.4%","±10.3","1,413","±243","362","±145","25.6%","±9.8","1,796","±198","325","±129","18.1%","±6.8","1,817","±261","383","±110","21.1%","±6.7","2,271","±303","174","±91","7.7%","±4.2","2,526","±370","1,641","±315","65.0%","±6.4","2,391","±343","1,165","±246","48.7%","±7.3","1,154","±144","86","±45","7.5%","±3.9","3,238","±470","567","±384","17.5%","±10.2","2,129","±113","64","±56","3.0%","±2.7","3,423","±300","372","±211","10.9%","±5.6","3,067","±420","1,047","±437","34.1%","±10.6","3,440","±210","135","±76","3.9%","±2.2","4,000","±323","277","±111","6.9%","±2.6"
"    EDUCATIONAL ATTAINMENT","","","","","","","","","","","","","","","","","","","","","","","","","","","","","","","","","","","","","","","","","","","","","","","","","","","","","","","","","","","","","","","","","","","","","","","","","","","","","","","","","","","","","","","","","","","","","","","","","","","","","","","","","","","","","","","","","","","","","","","","","","","","","","","","","","","","","","","","","","","","","","","","","","","","","","","","","","","","","","","","","",""
"        Population 25 years and over","2,136","±169","711","±132","33.3%","±5.9","1,374","±194","498","±165","36.2%","±9.0","1,790","±239","682","±194","38.1%","±8.3","1,911","±273","455","±123","23.8%","±5.8","1,200","±139","327","±77","27.3%","±6.6","2,636","±224","256","±99","9.7%","±3.8","3,379","±284","103","±73","3.0%","±2.2","1,013","±127","145","±87","14.3%","±8.0","29","±25","17","±27","58.6%","±58.6","557","±101","72","±33","12.9%","±6.0","1,566","±404","611","±282","39.0%","±13.3","1,013","±99","225","±87","22.2%","±8.0","3,040","±335","706","±276","23.2%","±8.7","1,289","±160","443","±111","34.4%","±7.2","1,461","±192","328","±119","22.5%","±7.7","1,670","±166","255","±87","15.3%","±5.2","1,784","±165","372","±101","20.9%","±5.9","1,848","±246","130","±68","7.0%","±3.9","725","±119","281","±100","38.8%","±10.9","1,845","±234","702","±181","38.0%","±9.5","1,298","±97","111","±53","8.6%","±4.1","2,966","±320","396","±226","13.4%","±7.3","1,572","±56","41","±36","2.6%","±2.3","3,007","±172","421","±198","14.0%","±6.1","1,926","±187","145","±94","7.5%","±4.9","2,941","±161","118","±67","4.0%","±2.2","3,141","±180","175","±85","5.6%","±2.6"
"            Less than high school graduate","190","±88","135","±82","71.1%","±19.7","159","±78","126","±79","79.2%","±19.6","374","±155","250","±145","66.8%","±22.7","514","±175","170","±72","33.1%","±13.3","355","±104","95","±47","26.8%","±11.9","107","±62","0","±11","0.0%","±24.1","25","±31","0","±11","0.0%","±57.0","2","±5","0","±11","0.0%","±100.0","13","±12","8","±13","61.5%","±61.5","0","±11","0","±11","-","**","178","±162","121","±147","68.0%","±40.4","172","±62","92","±60","53.5%","±25.8","853","±283","236","±148","27.7%","±16.0","509","±135","199","±76","39.1%","±12.4","398","±122","150","±79","37.7%","±14.3","267","±92","97","±56","36.3%","±14.9","519","±156","164","±70","31.6%","±14.6","43","±39","14","±22","32.6%","±41.9","30","±26","0","±11","0.0%","±52.0","402","±151","225","±118","56.0%","±18.8","148","±77","31","±29","20.9%","±19.4","119","±118","35","±55","29.4%","±27.1","12","±14","8","±13","66.7%","±57.0","64","±58","42","±55","65.6%","±46.1","61","±45","31","±36","50.8%","±37.0","168","±67","19","±21","11.3%","±13.1","122","±69","0","±11","0.0%","±21.6"
"            High school graduate (includes equivalency)","231","±94","117","±70","50.6%","±21.6","319","±84","198","±80","62.1%","±16.6","609","±171","204","±97","33.5%","±13.7","514","±123","104","±66","20.2%","±11.6","265","±81","58","±37","21.9%","±12.2","276","±111","40","±32","14.5%","±11.2","170","±96","54","±58","31.8%","±29.6","130","±69","39","±46","30.0%","±25.3","9","±14","9","±14","100.0%","±95.0","54","±55","10","±8","18.5%","±29.5","422","±222","200","±181","47.4%","±28.3","204","±49","71","±39","34.8%","±15.5","957","±283","254","±165","26.5%","±15.3","325","±81","116","±52","35.7%","±13.6","485","±126","142","±76","29.3%","±13.4","542","±113","89","±43","16.4%","±7.8","344","±110","76","±60","22.1%","±18.8","404","±167","23","±17","5.7%","±5.3","197","±64","85","±62","43.1%","±24.1","372","±109","180","±83","48.4%","±16.2","162","±55","36","±30","22.2%","±16.5","505","±208","114","±109","22.6%","±20.9","92","±44","0","±11","0.0%","±27.2","155","±69","59","±52","38.1%","±24.8","270","±142","7","±12","2.6%","±4.5","420","±126","0","±11","0.0%","±6.9","542","±131","43","±38","7.9%","±7.0"
"            Some college, associate's degree","601","±124","307","±103","51.1%","±13.6","375","±121","143","±80","38.1%","±16.4","426","±134","167","±92","39.2%","±14.9","606","±176","181","±80","29.9%","±11.6","477","±121","152","±61","31.9%","±12.6","637","±130","108","±74","17.0%","±11.7","386","±162","11","±16","2.8%","±4.2","166","±70","34","±33","20.5%","±19.4","3","±4","0","±11","0.0%","±100.0","132","±79","27","±19","20.5%","±18.1","423","±170","128","±101","30.3%","±20.2","333","±85","46","±29","13.8%","±8.7","970","±230","165","±104","17.0%","±10.2","286","±97","97","±58","33.9%","±17.0","392","±108","31","±41","7.9%","±10.7","494","±114","55","±31","11.1%","±6.0","502","±165","78","±53","15.5%","±10.0","436","±110","82","±61","18.8%","±14.2","120","±59","35","±36","29.2%","±26.7","498","±154","196","±91","39.4%","±15.2","495","±113","20","±18","4.0%","±3.8","683","±227","140","±129","20.5%","±18.0","206","±56","16","±16","7.8%","±8.3","471","±159","137","±137","29.1%","±23.8","551","±167","54","±48","9.8%","±8.7","772","±144","36","±33","4.7%","±4.1","1,004","±156","78","±57","7.8%","±5.3"
"            Bachelor's degree or higher","1,114","±157","152","±73","13.6%","±6.6","521","±103","31","±22","6.0%","±4.1","381","±120","61","±77","16.0%","±17.7","277","±99","0","±11","0.0%","±10.3","103","±51","22","±26","21.4%","±22.6","1,616","±213","108","±68","6.7%","±4.1","2,798","±320","38","±35","1.4%","±1.3","715","±128","72","±57","10.1%","±7.4","4","±8","0","±11","0.0%","±100.0","371","±79","35","±26","9.4%","±6.5","543","±167","162","±112","29.8%","±17.3","304","±84","16","±19","5.3%","±6.3","260","±120","51","±45","19.6%","±14.2","169","±61","31","±31","18.3%","±17.1","186","±78","5","±8","2.7%","±4.6","367","±116","14","±15","3.8%","±4.9","419","±116","54","±35","12.9%","±7.2","965","±152","11","±18","1.1%","±1.9","378","±121","161","±77","42.6%","±13.8","573","±177","101","±83","17.6%","±13.5","493","±107","24","±25","4.9%","±4.9","1,659","±291","107","±90","6.4%","±5.4","1,262","±71","17","±18","1.3%","±1.4","2,317","±192","183","±67","7.9%","±2.8","1,044","±154","53","±57","5.1%","±5.5","1,581","±203","63","±52","4.0%","±3.1","1,473","±238","54","±49","3.7%","±3.3"
"    EMPLOYMENT STATUS","","","","","","","","","","","","","","","","","","","","","","","","","","","","","","","","","","","","","","","","","","","","","","","","","","","","","","","","","","","","","","","","","","","","","","","","","","","","","","","","","","","","","","","","","","","","","","","","","","","","","","","","","","","","","","","","","","","","","","","","","","","","","","","","","","","","","","","","","","","","","","","","","","","","","","","","","","","","","","","","","",""
"        Civilian labor force 16 years and over","2,035","±228","516","±217","25.4%","±9.4","811","±141","156","±72","19.2%","±7.9","1,444","±234","403","±130","27.9%","±7.9","1,468","±248","282","±120","19.2%","±8.2","876","±138","173","±52","19.7%","±6.8","2,297","±214","171","±75","7.4%","±3.4","2,704","±288","129","±105","4.8%","±3.9","1,632","±218","766","±224","46.9%","±10.0","4","±8","0","±11","0.0%","±100.0","1,079","±188","412","±139","38.2%","±8.3","3,329","±543","1,950","±440","58.6%","±8.0","964","±133","234","±122","24.3%","±10.9","2,210","±321","480","±213","21.7%","±8.8","1,020","±116","208","±60","20.4%","±5.5","1,169","±233","284","±113","24.3%","±9.6","1,221","±164","122","±57","10.0%","±4.8","1,293","±183","217","±117","16.8%","±8.5","1,622","±243","154","±112","9.5%","±6.9","2,006","±302","1,139","±244","56.8%","±7.8","2,737","±329","1,159","±281","42.3%","±8.1","1,101","±111","42","±32","3.8%","±2.8","2,590","±303","338","±193","13.1%","±7.1","950","±76","4","±7","0.4%","±0.7","2,123","±197","216","±81","10.2%","±3.8","1,841","±254","453","±217","24.6%","±9.9","2,378","±205","76","±47","3.2%","±2.0","2,359","±183","118","±70","5.0%","±2.9"
"            Employed","1,952","±207","449","±203","23.0%","±9.4","763","±127","136","±62","17.8%","±7.3","1,269","±215","335","±112","26.4%","±7.4","1,386","±229","255","±103","18.4%","±7.8","708","±100","101","±52","14.3%","±7.6","2,219","±207","129","±66","5.8%","±3.1","2,629","±307","74","±84","2.8%","±3.2","1,575","±236","717","±239","45.5%","±10.8","4","±8","0","±11","0.0%","±100.0","1,017","±180","401","±141","39.4%","±9.3","3,095","±507","1,761","±404","56.9%","±8.4","853","±103","164","±70","19.2%","±7.9","1,953","±271","401","±196","20.5%","±9.4","926","±105","137","±55","14.8%","±5.7","1,098","±226","248","±101","22.6%","±9.3","1,138","±156","116","±55","10.2%","±5.1","1,227","±189","168","±94","13.7%","±7.3","1,497","±208","119","±102","7.9%","±6.6","1,899","±289","1,058","±236","55.7%","±8.0","2,389","±308","946","±247","39.6%","±8.5","1,032","±102","21","±22","2.0%","±2.1","2,468","±325","338","±193","13.7%","±7.3","927","±74","4","±7","0.4%","±0.7","2,010","±200","148","±72","7.4%","±3.5","1,811","±247","438","±212","24.2%","±9.9","2,260","±202","61","±40","2.7%","±1.7","2,288","±170","58","±37","2.5%","±1.6"
"                Male","1,193","±212","285","±182","23.9%","±13.5","471","±88","79","±43","16.8%","±8.3","653","±176","124","±77","19.0%","±10.6","722","±156","103","±73","14.3%","±10.4","300","±75","18","±22","6.0%","±6.8","1,068","±137","31","±37","2.9%","±3.5","1,423","±265","72","±84","5.1%","±5.6","666","±179","192","±133","28.8%","±14.8","4","±8","0","±11","0.0%","±100.0","687","±145","259","±87","37.7%","±9.1","1,122","±279","438","±215","39.0%","±14.3","371","±81","76","±46","20.5%","±11.7","852","±203","70","±59","8.2%","±7.6","555","±75","52","±36","9.4%","±6.4","609","±152","116","±67","19.0%","±10.0","626","±72","86","±47","13.7%","±7.2","705","±153","31","±36","4.4%","±4.9","819","±131","47","±66","5.7%","±7.7","994","±227","474","±200","47.7%","±13.2","1,150","±276","357","±153","31.0%","±10.3","468","±76","14","±20","3.0%","±4.2","1,256","±230","106","±91","8.4%","±6.8","482","±49","0","±11","0.0%","±6.0","933","±123","67","±61","7.2%","±6.2","823","±195","186","±169","22.6%","±16.3","1,135","±118","17","±19","1.5%","±1.7","1,124","±113","23","±24","2.0%","±2.0"
"                Female","759","±122","164","±79","21.6%","±8.9","292","±84","57","±39","19.5%","±11.8","616","±151","211","±97","34.3%","±12.6","664","±146","152","±94","22.9%","±12.9","408","±77","83","±47","20.3%","±11.1","1,151","±147","98","±62","8.5%","±5.3","1,206","±193","2","±4","0.2%","±0.3","909","±252","525","±250","57.8%","±15.5","0","±11","0","±11","-","**","330","±141","142","±109","43.0%","±18.7","1,973","±496","1,323","±407","67.1%","±10.1","482","±95","88","±46","18.3%","±9.1","1,101","±222","331","±182","30.1%","±12.9","371","±90","85","±42","22.9%","±10.8","489","±115","132","±69","27.0%","±13.3","512","±114","30","±20","5.9%","±4.2","522","±131","137","±96","26.2%","±15.6","678","±168","72","±78","10.6%","±10.2","905","±243","584","±178","64.5%","±9.6","1,239","±248","589","±203","47.5%","±11.7","564","±71","7","±11","1.2%","±1.9","1,212","±237","232","±157","19.1%","±11.4","445","±56","4","±7","0.9%","±1.5","1,077","±151","81","±48","7.5%","±4.5","988","±192","252","±139","25.5%","±11.3","1,125","±172","44","±34","3.9%","±3.0","1,164","±146","35","±28","3.0%","±2.4"
"            Unemployed","83","±69","67","±70","80.7%","±29.2","48","±44","20","±26","41.7%","±48.2","175","±99","68","±56","38.9%","±30.5","82","±62","27","±35","32.9%","±35.3","168","±84","72","±35","42.9%","±24.1","78","±51","42","±39","53.8%","±32.3","75","±63","55","±57","73.3%","±44.0","57","±50","49","±48","86.0%","±23.3","0","±11","0","±11","-","**","62","±43","11","±11","17.7%","±21.4","234","±132","189","±123","80.8%","±20.4","111","±71","70","±60","63.1%","±33.8","257","±127","79","±70","30.7%","±27.3","94","±55","71","±46","75.5%","±23.9","71","±54","36","±35","50.7%","±42.5","83","±57","6","±9","7.2%","±15.7","66","±75","49","±60","74.2%","±38.9","125","±85","35","±29","28.0%","±25.0","107","±67","81","±61","75.7%","±24.7","348","±157","213","±101","61.2%","±18.6","69","±53","21","±27","30.4%","±34.1","122","±111","0","±11","0.0%","±21.6","23","±17","0","±11","0.0%","±59.4","113","±58","68","±48","60.2%","±24.9","30","±24","15","±17","50.0%","±43.0","118","±55","15","±24","12.7%","±20.1","71","±58","60","±56","84.5%","±20.7"
"                Male","65","±67","57","±67","87.7%","±26.5","17","±18","9","±12","52.9%","±52.9","62","±69","21","±19","33.9%","±46.2","30","±30","9","±14","30.0%","±44.6","79","±70","16","±20","20.3%","±32.0","49","±42","32","±36","65.3%","±42.4","75","±63","55","±57","73.3%","±44.0","43","±57","35","±55","81.4%","±44.7","0","±11","0","±11","-","**","57","±45","6","±8","10.5%","±15.2","101","±69","71","±66","70.3%","±35.7","60","±47","29","±33","48.3%","±42.4","228","±122","79","±70","34.6%","±29.4","10","±19","10","±19","100.0%","±90.1","61","±52","36","±35","59.0%","±47.7","27","±32","0","±11","0.0%","±54.8","30","±49","13","±27","43.3%","±56.7","106","±82","16","±26","15.1%","±25.1","72","±59","58","±55","80.6%","±23.8","200","±105","139","±88","69.5%","±26.6","37","±38","0","±11","0.0%","±46.8","108","±109","0","±11","0.0%","±23.9","10","±10","0","±11","0.0%","±90.1","21","±27","4","±8","19.0%","±49.8","23","±21","8","±12","34.8%","±45.3","103","±53","15","±24","14.6%","±22.8","13","±15","7","±11","53.8%","±53.8"
"                Female","18","±20","10","±16","55.6%","±55.6","31","±40","11","±23","35.5%","±64.5","113","±72","47","±47","41.6%","±34.9","52","±52","18","±31","34.6%","±49.4","89","±39","56","±33","62.9%","±23.9","29","±29","10","±16","34.5%","±49.4","0","±11","0","±11","-","**","14","±23","14","±23","100.0%","±76.1","0","±11","0","±11","-","**","5","±7","5","±7","100.0%","±100.0","133","±107","118","±104","88.7%","±20.8","51","±33","41","±33","80.4%","±29.3","29","±52","0","±11","0.0%","±52.9","84","±52","61","±41","72.6%","±24.7","10","±19","0","±11","0.0%","±90.1","56","±49","6","±9","10.7%","±23.7","36","±47","36","±47","100.0%","±47.5","19","±20","19","±20","100.0%","±65.4","35","±35","23","±30","65.7%","±52.8","148","±114","74","±67","50.0%","±29.4","32","±30","21","±27","65.6%","±40.8","14","±22","0","±11","0.0%","±76.1","13","±14","0","±11","0.0%","±79.0","92","±55","64","±50","69.6%","±27.5","7","±12","7","±12","100.0%","±100.0","15","±17","0","±11","0.0%","±73.6","58","±56","53","±55","91.4%","±17.3"
"    WORK EXPERIENCE","","","","","","","","","","","","","","","","","","","","","","","","","","","","","","","","","","","","","","","","","","","","","","","","","","","","","","","","","","","","","","","","","","","","","","","","","","","","","","","","","","","","","","","","","","","","","","","","","","","","","","","","","","","","","","","","","","","","","","","","","","","","","","","","","","","","","","","","","","","","","","","","","","","","","","","","","","","","","","","","","",""
"        Population 16 years and over","2,925","±241","1,107","±247","37.8%","±7.0","1,402","±197","517","±168","36.9%","±8.9","2,487","±319","1,075","±291","43.2%","±9.1","2,235","±269","605","±147","27.1%","±6.6","1,378","±139","369","±86","26.8%","±6.3","2,916","±220","272","±103","9.3%","±3.4","3,774","±300","142","±106","3.8%","±2.8","2,581","±309","1,406","±323","54.5%","±7.8","45","±48","33","±51","73.3%","±57.5","1,552","±220","761","±202","49.0%","±8.0","5,660","±582","3,899","±532","68.9%","±6.2","1,320","±121","399","±135","30.2%","±9.1","3,505","±340","839","±302","23.9%","±8.1","1,638","±159","538","±117","32.8%","±6.2","1,836","±235","453","±143","24.7%","±7.8","1,894","±194","313","±94","16.5%","±5.0","2,121","±240","477","±147","22.5%","±6.8","2,110","±225","245","±114","11.6%","±5.6","2,882","±374","1,855","±336","64.4%","±6.3","3,689","±344","1,754","±321","47.5%","±7.0","1,484","±113","111","±53","7.5%","±3.6","3,512","±308","561","±260","16.0%","±7.1","1,641","±66","45","±36","2.7%","±2.2","3,308","±205","486","±204","14.7%","±5.8","2,978","±416","1,030","±443","34.6%","±11.1","3,323","±202","175","±89","5.3%","±2.6","3,540","±191","266","±108","7.5%","±2.9"
"            Worked full-time, year-round in the past 12 months","1,157","±171","73","±51","6.3%","±4.3","419","±104","22","±26","5.3%","±5.7","658","±138","12","±16","1.8%","±2.3","965","±194","67","±47","6.9%","±5.0","431","±80","45","±34","10.4%","±8.2","1,612","±199","30","±35","1.9%","±2.2","2,085","±335","56","±84","2.7%","±3.9","618","±163","52","±45","8.4%","±6.7","4","±8","0","±11","0.0%","±100.0","331","±77","21","±18","6.3%","±5.3","945","±232","111","±82","11.7%","±8.7","597","±92","53","±36","8.9%","±6.0","1,302","±242","87","±65","6.7%","±5.2","679","±107","54","±34","8.0%","±4.8","755","±172","127","±69","16.8%","±9.6","784","±109","33","±28","4.2%","±3.7","903","±167","56","±47","6.2%","±5.0","1,033","±173","9","±14","0.9%","±1.4","399","±126","23","±28","5.8%","±7.1","1,085","±196","188","±101","17.3%","±9.3","730","±119","21","±22","2.9%","±3.0","1,797","±251","53","±64","2.9%","±3.6","686","±62","0","±11","0.0%","±4.3","1,323","±147","0","±11","0.0%","±2.2","937","±157","13","±22","1.4%","±2.4","1,696","±172","30","±28","1.8%","±1.6","1,625","±176","8","±12","0.5%","±0.8"
"            Worked part-time or part-year in the past 12 months","979","±218","525","±207","53.6%","±14.4","415","±111","156","±78","37.6%","±16.1","915","±253","505","±202","55.2%","±12.3","583","±144","255","±110","43.7%","±16.5","470","±99","153","±62","32.6%","±11.3","753","±162","165","±83","21.9%","±9.0","712","±220","73","±70","10.3%","±9.3","1,490","±355","1,053","±323","70.7%","±8.6","8","±12","8","±12","100.0%","±100.0","991","±227","585","±187","59.0%","±9.2","3,472","±511","2,729","±485","78.6%","±6.5","421","±109","218","±100","51.8%","±16.0","973","±242","425","±216","43.7%","±16.0","435","±96","188","±73","43.2%","±11.4","565","±152","206","±102","36.5%","±15.8","446","±100","105","±51","23.5%","±11.1","394","±97","153","±74","38.8%","±16.5","676","±176","147","±100","21.7%","±13.4","2,089","±367","1,530","±343","73.2%","±6.2","1,831","±325","1,098","±282","60.0%","±8.9","346","±90","5","±9","1.4%","±2.6","917","±206","351","±186","38.3%","±18.7","323","±67","4","±7","1.2%","±2.1","893","±152","218","±87","24.4%","±9.0","1,269","±349","750","±334","59.1%","±13.3","851","±216","39","±30","4.6%","±3.7","839","±147","126","±79","15.0%","±8.5"
"            Did not work","789","±123","509","±113","64.5%","±9.6","568","±110","339","±118","59.7%","±13.0","914","±200","558","±180","61.1%","±13.9","687","±151","283","±108","41.2%","±11.0","477","±90","171","±50","35.8%","±10.3","551","±125","77","±58","14.0%","±9.8","977","±232","13","±12","1.3%","±1.2","473","±124","301","±121","63.6%","±14.1","33","±37","25","±39","75.8%","±53.0","230","±95","155","±86","67.4%","±14.4","1,243","±420","1,059","±412","85.2%","±8.6","302","±84","128","±72","42.4%","±16.6","1,230","±247","327","±135","26.6%","±10.6","524","±128","296","±92","56.5%","±11.9","516","±105","120","±63","23.3%","±10.0","664","±141","175","±75","26.4%","±9.1","824","±155","268","±84","32.5%","±10.7","401","±92","89","±44","22.2%","±10.3","394","±125","302","±109","76.6%","±15.3","773","±172","468","±170","60.5%","±13.2","408","±79","85","±44","20.8%","±10.2","798","±162","157","±117","19.7%","±12.2","632","±89","41","±36","6.5%","±5.4","1,092","±207","268","±185","24.5%","±14.1","772","±230","267","±189","34.6%","±17.3","776","±150","106","±72","13.7%","±7.9","1,076","±143","132","±62","12.3%","±5.2"
"    ALL INDIVIDUALS WITH INCOME BELOW THE FOLLOWING POVERTY RATIOS","","","","","","","","","","","","","","","","","","","","","","","","","","","","","","","","","","","","","","","","","","","","","","","","","","","","","","","","","","","","","","","","","","","","","","","","","","","","","","","","","","","","","","","","","","","","","","","","","","","","","","","","","","","","","","","","","","","","","","","","","","","","","","","","","","","","","","","","","","","","","","","","","","","","","","","","","","","","","","","","","",""
"        50 percent of poverty level","595","±165","(X)","(X)","(X)","(X)","257","±97","(X)","(X)","(X)","(X)","612","±332","(X)","(X)","(X)","(X)","256","±182","(X)","(X)","(X)","(X)","468","±196","(X)","(X)","(X)","(X)","150","±84","(X)","(X)","(X)","(X)","84","±71","(X)","(X)","(X)","(X)","1,130","±309","(X)","(X)","(X)","(X)","0","±11","(X)","(X)","(X)","(X)","476","±154","(X)","(X)","(X)","(X)","2,794","±514","(X)","(X)","(X)","(X)","154","±113","(X)","(X)","(X)","(X)","724","±475","(X)","(X)","(X)","(X)","429","±154","(X)","(X)","(X)","(X)","238","±128","(X)","(X)","(X)","(X)","165","±98","(X)","(X)","(X)","(X)","210","±130","(X)","(X)","(X)","(X)","114","±65","(X)","(X)","(X)","(X)","1,306","±274","(X)","(X)","(X)","(X)","1,197","±416","(X)","(X)","(X)","(X)","107","±101","(X)","(X)","(X)","(X)","234","±148","(X)","(X)","(X)","(X)","41","±50","(X)","(X)","(X)","(X)","259","±131","(X)","(X)","(X)","(X)","698","±352","(X)","(X)","(X)","(X)","58","±66","(X)","(X)","(X)","(X)","169","±84","(X)","(X)","(X)","(X)"
"        125 percent of poverty level","1,493","±250","(X)","(X)","(X)","(X)","641","±175","(X)","(X)","(X)","(X)","1,653","±354","(X)","(X)","(X)","(X)","916","±262","(X)","(X)","(X)","(X)","971","±217","(X)","(X)","(X)","(X)","520","±211","(X)","(X)","(X)","(X)","184","±110","(X)","(X)","(X)","(X)","1,661","±340","(X)","(X)","(X)","(X)","56","±53","(X)","(X)","(X)","(X)","930","±204","(X)","(X)","(X)","(X)","4,396","±596","(X)","(X)","(X)","(X)","680","±168","(X)","(X)","(X)","(X)","1,963","±573","(X)","(X)","(X)","(X)","1,074","±255","(X)","(X)","(X)","(X)","978","±255","(X)","(X)","(X)","(X)","577","±190","(X)","(X)","(X)","(X)","608","±157","(X)","(X)","(X)","(X)","295","±147","(X)","(X)","(X)","(X)","2,005","±347","(X)","(X)","(X)","(X)","2,759","±491","(X)","(X)","(X)","(X)","273","±138","(X)","(X)","(X)","(X)","1,058","±479","(X)","(X)","(X)","(X)","90","±58","(X)","(X)","(X)","(X)","815","±260","(X)","(X)","(X)","(X)","1,083","±432","(X)","(X)","(X)","(X)","338","±123","(X)","(X)","(X)","(X)","466","±196","(X)","(X)","(X)","(X)"
"        150 percent of poverty level","1,616","±244","(X)","(X)","(X)","(X)","737","±185","(X)","(X)","(X)","(X)","1,729","±361","(X)","(X)","(X)","(X)","1,184","±321","(X)","(X)","(X)","(X)","1,159","±213","(X)","(X)","(X)","(X)","746","±244","(X)","(X)","(X)","(X)","233","±132","(X)","(X)","(X)","(X)","1,734","±349","(X)","(X)","(X)","(X)","56","±53","(X)","(X)","(X)","(X)","1,037","±206","(X)","(X)","(X)","(X)","4,605","±605","(X)","(X)","(X)","(X)","737","±172","(X)","(X)","(X)","(X)","2,399","±492","(X)","(X)","(X)","(X)","1,155","±260","(X)","(X)","(X)","(X)","1,187","±233","(X)","(X)","(X)","(X)","668","±209","(X)","(X)","(X)","(X)","848","±200","(X)","(X)","(X)","(X)","301","±147","(X)","(X)","(X)","(X)","2,209","±366","(X)","(X)","(X)","(X)","3,063","±542","(X)","(X)","(X)","(X)","405","±167","(X)","(X)","(X)","(X)","1,114","±481","(X)","(X)","(X)","(X)","90","±58","(X)","(X)","(X)","(X)","902","±236","(X)","(X)","(X)","(X)","1,215","±433","(X)","(X)","(X)","(X)","390","±144","(X)","(X)","(X)","(X)","559","±208","(X)","(X)","(X)","(X)"
"        185 percent of poverty level","1,793","±251","(X)","(X)","(X)","(X)","778","±186","(X)","(X)","(X)","(X)","2,112","±391","(X)","(X)","(X)","(X)","1,617","±355","(X)","(X)","(X)","(X)","1,270","±221","(X)","(X)","(X)","(X)","874","±257","(X)","(X)","(X)","(X)","353","±161","(X)","(X)","(X)","(X)","1,883","±344","(X)","(X)","(X)","(X)","56","±53","(X)","(X)","(X)","(X)","1,152","±220","(X)","(X)","(X)","(X)","4,800","±605","(X)","(X)","(X)","(X)","874","±181","(X)","(X)","(X)","(X)","3,001","±562","(X)","(X)","(X)","(X)","1,212","±267","(X)","(X)","(X)","(X)","1,440","±249","(X)","(X)","(X)","(X)","888","±255","(X)","(X)","(X)","(X)","1,037","±234","(X)","(X)","(X)","(X)","484","±218","(X)","(X)","(X)","(X)","2,451","±378","(X)","(X)","(X)","(X)","3,340","±500","(X)","(X)","(X)","(X)","539","±167","(X)","(X)","(X)","(X)","1,325","±514","(X)","(X)","(X)","(X)","90","±58","(X)","(X)","(X)","(X)","1,048","±260","(X)","(X)","(X)","(X)","1,392","±436","(X)","(X)","(X)","(X)","506","±164","(X)","(X)","(X)","(X)","995","±381","(X)","(X)","(X)","(X)"
"        200 percent of poverty level","1,871","±268","(X)","(X)","(X)","(X)","815","±203","(X)","(X)","(X)","(X)","2,396","±476","(X)","(X)","(X)","(X)","1,673","±351","(X)","(X)","(X)","(X)","1,368","±236","(X)","(X)","(X)","(X)","938","±257","(X)","(X)","(X)","(X)","427","±188","(X)","(X)","(X)","(X)","1,931","±345","(X)","(X)","(X)","(X)","56","±53","(X)","(X)","(X)","(X)","1,185","±238","(X)","(X)","(X)","(X)","4,941","±591","(X)","(X)","(X)","(X)","908","±176","(X)","(X)","(X)","(X)","3,091","±578","(X)","(X)","(X)","(X)","1,261","±266","(X)","(X)","(X)","(X)","1,581","±272","(X)","(X)","(X)","(X)","1,033","±238","(X)","(X)","(X)","(X)","1,114","±242","(X)","(X)","(X)","(X)","603","±242","(X)","(X)","(X)","(X)","2,538","±380","(X)","(X)","(X)","(X)","3,443","±499","(X)","(X)","(X)","(X)","595","±167","(X)","(X)","(X)","(X)","1,410","±496","(X)","(X)","(X)","(X)","90","±58","(X)","(X)","(X)","(X)","1,257","±251","(X)","(X)","(X)","(X)","1,456","±441","(X)","(X)","(X)","(X)","706","±266","(X)","(X)","(X)","(X)","1,061","±398","(X)","(X)","(X)","(X)"
"        300 percent of poverty level","2,154","±265","(X)","(X)","(X)","(X)","992","±204","(X)","(X)","(X)","(X)","2,556","±467","(X)","(X)","(X)","(X)","2,136","±343","(X)","(X)","(X)","(X)","1,723","±202","(X)","(X)","(X)","(X)","1,340","±320","(X)","(X)","(X)","(X)","747","±228","(X)","(X)","(X)","(X)","2,042","±347","(X)","(X)","(X)","(X)","56","±53","(X)","(X)","(X)","(X)","1,406","±236","(X)","(X)","(X)","(X)","5,562","±584","(X)","(X)","(X)","(X)","1,146","±166","(X)","(X)","(X)","(X)","3,885","±571","(X)","(X)","(X)","(X)","1,674","±250","(X)","(X)","(X)","(X)","1,803","±270","(X)","(X)","(X)","(X)","1,639","±264","(X)","(X)","(X)","(X)","1,578","±289","(X)","(X)","(X)","(X)","979","±331","(X)","(X)","(X)","(X)","2,791","±366","(X)","(X)","(X)","(X)","4,000","±490","(X)","(X)","(X)","(X)","752","±183","(X)","(X)","(X)","(X)","1,820","±503","(X)","(X)","(X)","(X)","176","±79","(X)","(X)","(X)","(X)","1,486","±272","(X)","(X)","(X)","(X)","2,037","±465","(X)","(X)","(X)","(X)","1,139","±269","(X)","(X)","(X)","(X)","1,775","±411","(X)","(X)","(X)","(X)"
"        400 percent of poverty level","2,400","±252","(X)","(X)","(X)","(X)","1,049","±209","(X)","(X)","(X)","(X)","2,747","±452","(X)","(X)","(X)","(X)","2,418","±317","(X)","(X)","(X)","(X)","1,791","±195","(X)","(X)","(X)","(X)","1,731","±302","(X)","(X)","(X)","(X)","1,256","±331","(X)","(X)","(X)","(X)","2,183","±348","(X)","(X)","(X)","(X)","56","±53","(X)","(X)","(X)","(X)","1,472","±228","(X)","(X)","(X)","(X)","5,806","±591","(X)","(X)","(X)","(X)","1,336","±165","(X)","(X)","(X)","(X)","4,232","±521","(X)","(X)","(X)","(X)","1,884","±226","(X)","(X)","(X)","(X)","1,984","±286","(X)","(X)","(X)","(X)","1,933","±228","(X)","(X)","(X)","(X)","1,947","±282","(X)","(X)","(X)","(X)","1,303","±320","(X)","(X)","(X)","(X)","2,855","±365","(X)","(X)","(X)","(X)","4,181","±482","(X)","(X)","(X)","(X)","972","±175","(X)","(X)","(X)","(X)","2,249","±533","(X)","(X)","(X)","(X)","409","±136","(X)","(X)","(X)","(X)","1,865","±267","(X)","(X)","(X)","(X)","2,303","±463","(X)","(X)","(X)","(X)","1,744","±335","(X)","(X)","(X)","(X)","2,571","±410","(X)","(X)","(X)","(X)"
"        500 percent of poverty level","2,559","±269","(X)","(X)","(X)","(X)","1,164","±212","(X)","(X)","(X)","(X)","2,777","±460","(X)","(X)","(X)","(X)","2,482","±317","(X)","(X)","(X)","(X)","1,853","±190","(X)","(X)","(X)","(X)","2,327","±300","(X)","(X)","(X)","(X)","1,608","±395","(X)","(X)","(X)","(X)","2,331","±350","(X)","(X)","(X)","(X)","56","±53","(X)","(X)","(X)","(X)","1,509","±219","(X)","(X)","(X)","(X)","5,844","±591","(X)","(X)","(X)","(X)","1,419","±165","(X)","(X)","(X)","(X)","4,375","±480","(X)","(X)","(X)","(X)","2,008","±211","(X)","(X)","(X)","(X)","2,163","±297","(X)","(X)","(X)","(X)","2,212","±206","(X)","(X)","(X)","(X)","2,105","±279","(X)","(X)","(X)","(X)","1,421","±339","(X)","(X)","(X)","(X)","2,873","±364","(X)","(X)","(X)","(X)","4,398","±462","(X)","(X)","(X)","(X)","1,149","±159","(X)","(X)","(X)","(X)","2,545","±512","(X)","(X)","(X)","(X)","603","±165","(X)","(X)","(X)","(X)","2,107","±276","(X)","(X)","(X)","(X)","2,643","±469","(X)","(X)","(X)","(X)","2,613","±385","(X)","(X)","(X)","(X)","3,341","±414","(X)","(X)","(X)","(X)"
"UNRELATED INDIVIDUALS FOR WHOM POVERTY STATUS IS DETERMINED","2,077","±212","923","±231","44.4%","±9.2","1,009","±203","450","±176","44.6%","±11.1","1,402","±321","700","±272","49.9%","±11.7","1,056","±215","376","±113","35.6%","±9.2","367","±79","171","±64","46.6%","±15.7","1,220","±236","211","±90","17.3%","±6.7","1,414","±261","142","±106","10.0%","±7.2","2,086","±337","1,335","±319","64.0%","±8.3","12","±14","9","±14","75.0%","±57.4","1,305","±230","747","±199","57.2%","±8.0","4,899","±561","3,679","±544","75.1%","±6.3","610","±95","114","±54","18.7%","±8.0","1,347","±326","457","±203","33.9%","±11.7","717","±123","303","±77","42.3%","±9.1","651","±147","247","±87","37.9%","±11.4","546","±111","204","±66","37.4%","±10.3","920","±168","337","±129","36.6%","±11.7","769","±211","183","±100","23.8%","±12.8","2,490","±379","1,725","±340","69.3%","±6.9","2,399","±375","1,249","±308","52.1%","±8.5","436","±112","81","±40","18.6%","±8.8","1,368","±329","472","±203","34.5%","±12.0","180","±47","11","±14","6.1%","±7.4","854","±162","222","±74","26.0%","±7.1","1,570","±435","1,004","±447","63.9%","±13.2","869","±168","62","±40","7.1%","±4.7","1,029","±153","237","±106","23.0%","±9.4"
"    Male","1,232","±217","493","±215","40.0%","±13.8","518","±109","193","±68","37.3%","±9.6","992","±327","514","±278","51.8%","±16.6","524","±148","151","±88","28.8%","±13.8","165","±67","88","±51","53.3%","±25.2","642","±152","129","±77","20.1%","±10.3","778","±256","127","±105","16.3%","±12.0","937","±270","558","±243","59.6%","±13.5","0","±11","0","±11","-","**","829","±173","453","±116","54.6%","±8.2","2,185","±586","1,501","±519","68.7%","±11.1","274","±77","45","±31","16.4%","±10.4","633","±250","194","±116","30.6%","±16.7","455","±106","147","±68","32.3%","±15.0","324","±106","90","±58","27.8%","±16.0","335","±86","104","±51","31.0%","±12.5","468","±141","120","±74","25.6%","±13.2","400","±148","62","±71","15.5%","±17.9","1,401","±331","876","±298","62.5%","±10.9","1,203","±349","585","±237","48.6%","±11.9","161","±47","47","±36","29.2%","±19.5","717","±272","188","±137","26.2%","±17.1","70","±33","4","±7","5.7%","±9.5","266","±100","22","±22","8.3%","±7.9","596","±277","386","±266","64.8%","±17.1","328","±101","18","±20","5.5%","±6.7","397","±113","96","±69","24.2%","±15.2"
"    Female","845","±150","430","±115","50.9%","±9.5","491","±194","257","±172","52.3%","±19.3","410","±136","186","±104","45.4%","±17.1","532","±137","225","±99","42.3%","±15.8","202","±74","83","±50","41.1%","±20.3","578","±135","82","±43","14.2%","±6.8","636","±189","15","±9","2.4%","±1.7","1,149","±431","777","±374","67.6%","±12.6","12","±14","9","±14","75.0%","±57.4","476","±207","294","±174","61.8%","±16.1","2,714","±655","2,178","±579","80.3%","±7.1","336","±74","69","±37","20.5%","±10.1","714","±208","263","±121","36.8%","±13.7","262","±85","156","±55","59.5%","±13.8","327","±80","157","±63","48.0%","±16.1","211","±66","100","±48","47.4%","±17.6","452","±128","217","±120","48.0%","±18.7","369","±142","121","±76","32.8%","±13.5","1,089","±312","849","±261","78.0%","±8.3","1,196","±298","664","±234","55.5%","±11.3","275","±88","34","±23","12.4%","±8.3","651","±215","284","±171","43.6%","±19.3","110","±40","7","±9","6.4%","±7.9","588","±140","200","±70","34.0%","±10.1","974","±388","618","±393","63.4%","±19.0","541","±126","44","±34","8.1%","±6.1","632","±106","141","±76","22.3%","±10.8"
"    15 years","0","±11","0","±11","-","**","12","±23","12","±23","100.0%","±82.2","0","±11","0","±11","-","**","0","±11","0","±11","-","**","0","±11","0","±11","-","**","0","±11","0","±11","-","**","0","±11","0","±11","-","**","0","±11","0","±11","-","**","0","±11","0","±11","-","**","0","±11","0","±11","-","**","0","±16","0","±16","-","**","0","±11","0","±11","-","**","0","±11","0","±11","-","**","0","±11","0","±11","-","**","0","±11","0","±11","-","**","0","±11","0","±11","-","**","0","±11","0","±11","-","**","0","±11","0","±11","-","**","0","±11","0","±11","-","**","0","±11","0","±11","-","**","0","±11","0","±11","-","**","52","±83","52","±83","100.0%","±39.5","0","±11","0","±11","-","**","0","±11","0","±11","-","**","0","±11","0","±11","-","**","0","±11","0","±11","-","**","0","±11","0","±11","-","**"
"    16 to 17 years","0","±11","0","±11","-","**","0","±11","0","±11","-","**","0","±11","0","±11","-","**","0","±11","0","±11","-","**","0","±11","0","±11","-","**","0","±11","0","±11","-","**","0","±11","0","±11","-","**","0","±11","0","±11","-","**","0","±11","0","±11","-","**","0","±11","0","±11","-","**","0","±16","0","±16","-","**","0","±11","0","±11","-","**","0","±11","0","±11","-","**","0","±11","0","±11","-","**","0","±11","0","±11","-","**","23","±24","23","±24","100.0%","±59.4","0","±11","0","±11","-","**","0","±11","0","±11","-","**","0","±11","0","±11","-","**","18","±29","18","±29","100.0%","±67.2","0","±11","0","±11","-","**","0","±11","0","±11","-","**","0","±11","0","±11","-","**","0","±11","0","±11","-","**","0","±11","0","±11","-","**","0","±11","0","±11","-","**","7","±11","7","±11","100.0%","±100.0"
"    18 to 24 years","672","±214","333","±190","49.6%","±18.9","20","±16","11","±18","55.0%","±55.0","495","±260","322","±234","65.1%","±22.7","153","±100","82","±77","53.6%","±30.9","31","±34","15","±27","48.4%","±51.6","128","±105","6","±10","4.7%","±10.3","216","±162","39","±57","18.1%","±24.2","1,547","±330","1,250","±318","80.8%","±8.1","0","±11","0","±11","-","**","948","±243","681","±198","71.8%","±7.3","3,893","±581","3,244","±557","83.3%","±5.8","170","±68","88","±51","51.8%","±22.4","164","±137","67","±102","40.9%","±46.9","158","±80","34","±38","21.5%","±20.4","152","±91","91","±60","59.9%","±21.6","30","±26","24","±25","80.0%","±30.4","108","±99","92","±88","85.2%","±23.1","180","±143","115","±98","63.9%","±10.9","1,962","±387","1,504","±341","76.7%","±7.4","1,462","±354","844","±260","57.7%","±12.1","57","±45","0","±11","0.0%","±37.7","369","±212","165","±120","44.7%","±24.4","4","±7","4","±7","100.0%","±100.0","93","±82","65","±52","69.9%","±30.8","947","±436","878","±433","92.7%","±6.9","54","±38","25","±28","46.3%","±42.0","126","±79","73","±66","57.9%","±35.7"
"    25 to 34 years","490","±117","158","±76","32.2%","±16.0","212","±102","76","±68","35.8%","±25.7","255","±132","49","±54","19.2%","±14.7","255","±111","56","±46","22.0%","±17.9","88","±60","38","±30","43.2%","±36.3","431","±160","106","±71","24.6%","±14.4","508","±200","39","±35","7.7%","±7.4","250","±115","64","±51","25.6%","±18.0","0","±11","0","±11","-","**","270","±96","51","±29","18.9%","±12.2","578","±218","191","±117","33.0%","±15.5","208","±66","5","±8","2.4%","±3.6","214","±170","59","±55","27.6%","±21.6","153","±60","36","±31","23.5%","±17.9","135","±87","16","±25","11.9%","±15.6","52","±33","29","±24","55.8%","±30.5","162","±68","61","±54","37.7%","±30.7","219","±188","9","±14","4.1%","±7.9","362","±107","181","±74","50.0%","±13.5","475","±127","142","±84","29.9%","±15.7","103","±74","35","±27","34.0%","±30.7","266","±161","156","±136","58.6%","±26.6","13","±14","0","±11","0.0%","±79.0","354","±129","67","±46","18.9%","±11.8","249","±97","81","±70","32.5%","±25.2","148","±90","9","±15","6.1%","±12.8","169","±96","8","±13","4.7%","±8.3"
"    35 to 44 years","200","±104","69","±80","34.5%","±28.9","73","±45","47","±40","64.4%","±32.9","115","±71","45","±45","39.1%","±32.7","191","±110","77","±66","40.3%","±20.0","26","±23","0","±11","0.0%","±55.9","121","±67","11","±17","9.1%","±12.9","73","±50","2","±4","2.7%","±6.1","55","±32","21","±24","38.2%","±35.9","9","±14","9","±14","100.0%","±95.0","29","±24","5","±8","17.2%","±29.0","204","±148","127","±110","62.3%","±41.0","57","±41","0","±11","0.0%","±37.7","149","±113","47","±59","31.5%","±28.7","114","±72","76","±51","66.7%","±20.6","72","±51","46","±36","63.9%","±23.8","106","±63","40","±41","37.7%","±30.1","211","±75","28","±41","13.3%","±20.1","79","±54","29","±23","36.7%","±31.0","43","±29","9","±14","20.9%","±39.2","104","±68","58","±38","55.8%","±35.0","46","±23","0","±11","0.0%","±42.0","176","±141","35","±55","19.9%","±32.0","16","±22","0","±11","0.0%","±71.2","74","±46","36","±27","48.6%","±32.1","62","±41","0","±11","0.0%","±36.0","139","±75","0","±11","0.0%","±19.3","106","±76","34","±52","32.1%","±38.2"
"    45 to 54 years","145","±74","52","±49","35.9%","±26.2","119","±71","36","±48","30.3%","±32.7","267","±178","161","±135","60.3%","±17.0","150","±102","17","±27","11.3%","±18.8","59","±41","57","±41","96.6%","±11.0","226","±119","61","±50","27.0%","±22.8","177","±103","48","±57","27.1%","±28.2","36","±29","0","±11","0.0%","±47.5","0","±11","0","±11","-","**","14","±13","5","±7","35.7%","±44.5","125","±88","63","±53","50.4%","±30.9","37","±21","0","±11","0.0%","±46.8","205","±120","60","±52","29.3%","±23.1","127","±55","90","±53","70.9%","±20.2","53","±33","24","±21","45.3%","±29.0","83","±46","17","±17","20.5%","±19.4","113","±71","39","±29","34.5%","±27.9","34","±25","11","±12","32.4%","±32.7","46","±35","23","±29","50.0%","±41.1","123","±65","73","±59","59.3%","±33.5","56","±32","19","±22","33.9%","±32.9","165","±129","50","±78","30.3%","±41.5","15","±12","0","±11","0.0%","±73.6","19","±22","9","±15","47.4%","±52.6","46","±31","7","±12","15.2%","±27.9","59","±48","0","±11","0.0%","±37.0","178","±84","46","±46","25.8%","±24.7"
"    55 to 64 years","305","±90","206","±80","67.5%","±16.0","169","±56","73","±49","43.2%","±24.1","147","±74","97","±64","66.0%","±23.3","220","±108","114","±76","51.8%","±22.6","59","±36","23","±24","39.0%","±29.4","133","±59","27","±23","20.3%","±16.2","190","±98","12","±15","6.3%","±8.7","68","±42","0","±11","0.0%","±33.9","0","±11","0","±11","-","**","16","±18","5","±7","31.3%","±53.3","48","±46","46","±44","95.8%","±9.7","73","±31","21","±19","28.8%","±22.8","247","±123","129","±95","52.2%","±28.2","91","±46","35","±25","38.5%","±21.6","139","±66","62","±49","44.6%","±24.5","124","±56","53","±37","42.7%","±24.2","206","±71","75","±42","36.4%","±19.7","103","±45","0","±11","0.0%","±24.9","47","±41","0","±11","0.0%","±41.6","142","±81","85","±65","59.9%","±28.5","99","±50","27","±26","27.3%","±22.9","138","±82","14","±22","10.1%","±17.7","44","±30","7","±12","15.9%","±22.4","129","±62","26","±24","20.2%","±18.5","111","±70","28","±44","25.2%","±34.1","152","±62","9","±15","5.9%","±10.1","169","±59","46","±36","27.2%","±19.1"
"    65 to 74 years","171","±77","71","±54","41.5%","±24.2","257","±67","84","±45","32.7%","±14.9","110","±60","13","±16","11.8%","±16.8","59","±43","9","±13","15.3%","±23.1","43","±29","20","±21","46.5%","±39.4","142","±59","0","±11","0.0%","±18.9","167","±85","2","±4","1.2%","±2.5","29","±31","0","±11","0.0%","±52.9","0","±11","0","±11","-","**","28","±27","0","±11","0.0%","±53.8","17","±23","3","±5","17.6%","±42.0","39","±24","0","±11","0.0%","±45.6","229","±128","56","±80","24.5%","±31.0","45","±29","13","±17","28.9%","±30.3","87","±49","0","±11","0.0%","±28.4","74","±42","7","±11","9.5%","±13.8","36","±23","20","±22","55.6%","±38.2","100","±44","8","±13","8.0%","±12.6","17","±18","0","±11","0.0%","±69.1","53","±42","29","±37","54.7%","±42.8","47","±25","0","±11","0.0%","±41.6","93","±62","0","±11","0.0%","±27.0","55","±37","0","±11","0.0%","±38.4","81","±36","12","±19","14.8%","±20.5","85","±54","10","±16","11.8%","±18.8","154","±71","10","±15","6.5%","±10.4","171","±64","0","±11","0.0%","±16.0"
"    75 years and over","94","±47","34","±38","36.2%","±31.9","147","±56","111","±53","75.5%","±15.5","13","±14","13","±14","100.0%","±79.0","28","±27","21","±24","75.0%","±38.3","61","±55","18","±18","29.5%","±42.0","39","±30","0","±11","0.0%","±45.6","83","±93","0","±11","0.0%","±29.5","101","±45","0","±11","0.0%","±25.3","3","±4","0","±11","0.0%","±100.0","0","±11","0","±11","-","**","34","±32","5","±5","14.7%","±27.2","26","±17","0","±11","0.0%","±55.9","139","±72","39","±36","28.1%","±26.2","29","±19","19","±17","65.5%","±36.3","13","±15","8","±12","61.5%","±57.4","54","±36","11","±18","20.4%","±28.9","84","±48","22","±21","26.2%","±20.1","54","±35","11","±18","20.4%","±30.5","13","±15","8","±11","61.5%","±58.0","22","±22","0","±11","0.0%","±60.7","28","±21","0","±11","0.0%","±53.8","109","±59","0","±11","0.0%","±23.7","33","±23","0","±11","0.0%","±49.6","104","±47","7","±11","6.7%","±10.7","70","±59","0","±11","0.0%","±33.3","163","±67","9","±14","5.5%","±8.7","103","±46","23","±26","22.3%","±26.0"
"    Mean income deficit for unrelated individuals (dollars)","6,776","±1,028","(X)","(X)","(X)","(X)","6,276","±1,095","(X)","(X)","(X)","(X)","6,156","±1,174","(X)","(X)","(X)","(X)","5,269","±1,392","(X)","(X)","(X)","(X)","5,973","±1,363","(X)","(X)","(X)","(X)","6,895","±2,220","(X)","(X)","(X)","(X)","6,654","±3,523","(X)","(X)","(X)","(X)","8,497","±534","(X)","(X)","(X)","(X)","N","N","(X)","(X)","(X)","(X)","7,717","±924","(X)","(X)","(X)","(X)","8,695","±618","(X)","(X)","(X)","(X)","6,919","±1,891","(X)","(X)","(X)","(X)","6,232","±1,472","(X)","(X)","(X)","(X)","7,044","±1,259","(X)","(X)","(X)","(X)","6,255","±1,765","(X)","(X)","(X)","(X)","6,176","±1,888","(X)","(X)","(X)","(X)","5,827","±1,539","(X)","(X)","(X)","(X)","7,363","±1,468","(X)","(X)","(X)","(X)","7,590","±548","(X)","(X)","(X)","(X)","7,191","±888","(X)","(X)","(X)","(X)","7,911","±2,767","(X)","(X)","(X)","(X)","6,714","±2,350","(X)","(X)","(X)","(X)","N","N","(X)","(X)","(X)","(X)","8,632","±1,728","(X)","(X)","(X)","(X)","8,348","±1,545","(X)","(X)","(X)","(X)","N","N","(X)","(X)","(X)","(X)","6,949","±1,808","(X)","(X)","(X)","(X)"
"    Worked full-time, year-round in the past 12 months","715","±156","53","±39","7.4%","±5.4","272","±85","14","±22","5.1%","±7.6","445","±117","12","±16","2.7%","±3.4","475","±142","19","±18","4.0%","±4.2","53","±30","0","±11","0.0%","±39.1","685","±186","30","±35","4.4%","±5.2","864","±252","56","±84","6.5%","±9.2","383","±150","39","±40","10.2%","±9.0","0","±11","0","±11","-","**","235","±69","21","±18","8.9%","±7.3","646","±216","77","±66","11.9%","±10.5","379","±80","6","±8","1.6%","±2.2","515","±198","0","±11","0.0%","±5.7","347","±113","26","±26","7.5%","±7.3","252","±102","37","±42","14.7%","±16.1","173","±74","15","±17","8.7%","±8.8","427","±121","56","±47","13.1%","±10.6","297","±130","9","±14","3.0%","±4.8","326","±121","23","±28","7.1%","±8.8","680","±177","87","±75","12.8%","±10.4","156","±53","7","±11","4.5%","±6.9","506","±198","53","±64","10.5%","±12.6","98","±40","0","±11","0.0%","±25.9","248","±100","0","±11","0.0%","±11.4","306","±97","13","±22","4.2%","±7.4","441","±145","22","±25","5.0%","±5.9","478","±144","8","±12","1.7%","±2.5"
"    Worked less than full-time, year-round in the past 12 months","809","±206","474","±200","58.6%","±15.8","342","±105","139","±69","40.6%","±17.1","502","±246","329","±202","65.5%","±19.2","250","±104","127","±74","50.8%","±21.5","132","±62","61","±44","46.2%","±30.6","350","±143","114","±65","32.6%","±13.3","299","±137","73","±70","24.4%","±20.8","1,340","±352","1,032","±323","77.0%","±8.3","0","±11","0","±11","-","**","902","±232","577","±187","64.0%","±9.1","3,143","±495","2,587","±487","82.3%","±6.4","153","±68","82","±53","53.6%","±22.6","382","±164","243","±135","63.6%","±25.9","158","±69","103","±51","65.2%","±18.0","244","±95","149","±81","61.1%","±16.0","148","±61","63","±40","42.6%","±22.2","218","±95","116","±66","53.2%","±23.7","308","±145","115","±94","37.3%","±23.4","1,885","±362","1,504","±342","79.8%","±6.5","1,315","±327","816","±255","62.1%","±10.8","153","±76","5","±9","3.3%","±5.9","540","±175","254","±141","47.0%","±25.0","23","±21","4","±7","17.4%","±30.7","263","±76","118","±58","44.9%","±16.7","884","±332","737","±335","83.4%","±11.2","114","±64","12","±18","10.5%","±15.3","223","±96","118","±78","52.9%","±21.6"
"    Did not work","553","±98","396","±96","71.6%","±10.5","395","±122","297","±129","75.2%","±13.9","455","±167","359","±154","78.9%","±12.7","331","±125","230","±95","69.5%","±18.9","182","±67","110","±47","60.4%","±22.6","185","±73","67","±57","36.2%","±22.6","251","±113","13","±12","5.2%","±5.4","363","±105","264","±108","72.7%","±13.8","12","±14","9","±14","75.0%","±57.4","168","±87","149","±84","88.7%","±13.4","1,110","±406","1,015","±405","91.4%","±8.3","78","±34","26","±21","33.3%","±20.3","450","±138","214","±105","47.6%","±15.5","212","±64","174","±58","82.1%","±11.7","155","±63","61","±36","39.4%","±18.2","225","±85","126","±54","56.0%","±14.3","275","±77","165","±71","60.0%","±20.4","164","±64","59","±39","36.0%","±17.9","279","±101","198","±74","71.0%","±19.6","404","±154","346","±147","85.6%","±8.3","127","±46","69","±38","54.3%","±19.4","322","±139","165","±124","51.2%","±23.1","59","±35","7","±12","11.9%","±19.1","343","±108","104","±56","30.3%","±14.3","380","±212","254","±194","66.8%","±21.9","314","±85","28","±26","8.9%","±8.1","328","±92","111","±61","33.8%","±14.9"